{
  "MAE": 8.193623126906719,
  "MSE": 245.95552317981088,
  "MAE_per_feature": [
    12.126093469434611,
    0.0,
    25.538949870099877,
    0.0,
    2.051301280920741,
    2.4752233027772848,
    3.753554229835329,
    10.98408021865424,
    0.21393759570945736
  ]
}