{
  "MAE": 5.012455509464308,
  "MSE": 130.1108624856918,
  "MAE_per_feature": [
    5.0426386374334005,
    5.721192183136825,
    21.213537623909943,
    0.4543202219538538,
    0.6529214953202561,
    1.2863546552202796,
    2.409670194831631,
    7.403029939294436,
    0.13415261103124937
  ],
  "causal": true
}