{
  "MAE": 5.824806981521086,
  "MSE": 107.42805695681025,
  "MAE_per_feature": [
    10.00729974719087,
    7.894366353552295,
    18.985108914420426,
    0.6965598369257289,
    0.6056592155203431,
    2.055959725032653,
    3.1962946296936794,
    7.352055964502966,
    2.460380581973686
  ]
}