{
  "MAE": 6.0300137948336765,
  "MSE": 116.32994818412112,
  "MAE_per_feature": [
    10.798333946220483,
    8.14981542665164,
    19.91449085528493,
    0.6377219399349237,
    0.5659612431778185,
    2.0084125740772123,
    3.249934558754844,
    7.362827845121341,
    2.4711402897193677
  ],
  "causal": true
}