{
  "MAE": 8.206198785008374,
  "MSE": 235.35899747817228,
  "MAE_per_feature": [
    14.541584543971402,
    0.0,
    23.828842463385133,
    0.0,
    1.5119134036446233,
    2.249501519680622,
    4.265517780978666,
    10.795475259349422,
    0.22988422355588647
  ],
  "causal": true
}