{
  "MAE": 4.462316293620372,
  "MSE": 88.62497246441211,
  "MAE_per_feature": [
    5.013386794223276,
    6.124788986280379,
    16.637768261369466,
    0.8115822609823606,
    0.7412151798183031,
    1.241836332326662,
    1.6946952722476631,
    7.280662154723161,
    0.11769381206603297
  ]
}