{
  "MAE": 5.868762767226805,
  "MSE": 108.68241555028543,
  "MAE_per_feature": [
    10.299842083715589,
    7.8073523264626,
    19.119810668989444,
    0.6314578697171089,
    0.5011473138044619,
    1.9568800889407982,
    3.176179549751163,
    7.824828627241444,
    2.42934246336732
  ]
}