Simulation time, Job arrival rate, Throughput, Total jobs lost
299.89614651939365,0.0033344876604986056,0.0,0
