Simulation time, Job arrival rate, Throughput, Total jobs lost
292.42659859924385,0.0034196615656377086,0.0,0
