Simulation time, Job arrival rate, Throughput, Total jobs lost
495.78787556846663,0.0020169916395260928,0.0,0
