{
  "MAE": 5.767469694843806,
  "MSE": 107.60615252597336,
  "MAE_per_feature": [
    12.34260732601098,
    0.0,
    16.33839939983522,
    0.0,
    0.5296867113347407,
    1.5079179378748306,
    2.8204137764082486,
    6.016256235482636,
    1.1151792656421022
  ],
  "causal": true
}