Simulation time, Job arrival rate, Throughput, Total jobs lost
312.02046489738325,0.0032049179861611907,0.0,0
