{
  "MAE": 5.641018432963632,
  "MSE": 107.57884966929171,
  "MAE_per_feature": [
    10.127189498422695,
    0.0,
    17.38055814276655,
    0.0,
    0.4725720981832807,
    1.7906016949976147,
    2.507378123351211,
    6.452099578941774,
    0.7567298940822971
  ],
  "causal": true
}