experiment,modality,lost_mean,lost_std,drop_rate_mean,drop_rate_std,throughput_last_mean,throughput_last_std
exp1,t1,0.0,0.0,0.0,0.0,0.24692539756086532,0.003712029158012558
exp1,t2,514.75,18.561065645450878,0.0514821217398843,0.0018582770560238975,0.20114254630806044,0.003288810638937656
exp1,t3,315.15,18.47124365345396,0.03152296796311997,0.0018472613949751958,0.21700436837287485,0.0036283522394585876
exp1,t4,1776.7,35.09400908537254,0.1777738811965688,0.0035018768944666575,0.07427106297592158,0.0006864835262054915
exp1,overall,2606.6,43.786864168197866,0.2607789708995731,0.00437363808085557,0.7393433752177222,0.006183173577869265
