experiment,modality,lost_mean,lost_std,drop_rate_mean,drop_rate_std,throughput_last_mean,throughput_last_std
exp3,t1,0.0,0.0,0.0,0.0,0.06282005456044226,0.001855462924710645
exp3,t2,0.0,0.0,0.0,0.0,0.06346812883768152,0.002240127504601529
exp3,t3,1.2,1.1516578439248717,0.00012012182748500556,0.0001152978393705238,0.06157278813793047,0.0023518196440787966
exp3,t4,253.4,12.741973737880727,0.025384949673674984,0.0012963324379146046,0.035735347270784375,0.0012160360062243142
exp3,overall,254.6,12.793913026369838,0.02550507150115999,0.0013014497229448141,0.2235963188068386,0.003933282739462922
