experiment,modality,lost_mean,lost_std,drop_rate_mean,drop_rate_std,throughput_last_mean,throughput_last_std
exp4,t1,0.0,0.0,0.0,0.0,0.0633617425664432,0.0014251773491847997
exp4,t2,0.0,0.0,0.0,0.0,0.06288989263405263,0.0010493289924987965
exp4,t3,1.45,1.276302224561664,0.00014514114722140211,0.00012773804463500445,0.061328146683743735,0.0015750117490502123
exp4,t4,260.8,15.972344520253882,0.02616263062366899,0.0015777784379809416,0.03635525554028661,0.0010475375206070066
exp4,overall,262.25,16.02325612483634,0.026307771770890394,0.0015829408729970788,0.22393503742452614,0.0025904089788783614
