experiment,modality,lost_mean,lost_std,drop_rate_mean,drop_rate_std,throughput_last_mean,throughput_last_std
exp5,t1,0.0,0.0,0.0,0.0,0.062385857173531886,0.0016458074977603594
exp5,t2,0.0,0.0,0.0,0.0,0.06364230052117076,0.0016168626674389914
exp5,t3,0.7,0.9233805168766387,7.003978042001764e-05,9.240549114178778e-05,0.061691054661845456,0.0018622018892106296
exp5,t4,257.1,17.247120278317098,0.025737672414009448,0.0017240676621500684,0.036283637544772054,0.0010742027402268128
exp5,overall,257.8,17.27182067628321,0.025807712194429466,0.00172654223187988,0.2240028499013202,0.003153511472681299
