experiment,modality,lost_mean,lost_std,drop_rate_mean,drop_rate_std,throughput_last_mean,throughput_last_std
exp6,t1,0.0,0.0,0.0,0.0,0.06229071586498147,0.0014184061487982301
exp6,t2,0.0,0.0,0.0,0.0,0.0631079069980528,0.0014349874224752182
exp6,t3,1.2,1.5078740698501039,0.00012009524887536314,0.00015081123231324347,0.06228173702632779,0.0014648981877245797
exp6,t4,252.65,19.661008701434795,0.02530131733964087,0.0019479774232648973,0.03669845231447403,0.001065650938728116
exp6,overall,253.85,19.7187460901656,0.025421412588516233,0.001953806558833701,0.22437881220383607,0.002711568462941987
