Simulation time, Job arrival rate, Throughput, Total jobs lost
259.95502817981986,0.0038468192248555604,0.0,0
