Simulation time, Job arrival rate, Throughput, Total jobs lost
315.70114930217005,0.0031675526117355387,0.0,0
