{
  "MAE": 6.025776372785987,
  "MSE": 115.90174748657128,
  "MAE_per_feature": [
    10.234245312263084,
    8.125891646182964,
    20.249744307246637,
    0.6670084094239576,
    0.5581651633570763,
    2.023371915257842,
    3.2160524752102932,
    7.588178854691364,
    2.4085686301122977
  ],
  "causal": true
}