{
  "MAE": 5.472566442807675,
  "MSE": 96.4500224050607,
  "MAE_per_feature": [
    11.084742616779904,
    0.0,
    16.591158383708834,
    0.0,
    0.46156849570043845,
    1.5163236273732978,
    2.198640470768808,
    5.635857596677904,
    1.0657275983177041
  ]
}