{
  "MAE": 4.602957818414336,
  "MSE": 103.12671188698077,
  "MAE_per_feature": [
    5.147578701909252,
    4.383873519966912,
    18.25444409113306,
    0.4739214814577253,
    0.5274938885979448,
    1.1803023174346892,
    1.960587289721577,
    8.031868966025574,
    0.8374670113080436
  ],
  "causal": true
}