{
  "MAE": 5.60274965919806,
  "MSE": 104.3724576115217,
  "MAE_per_feature": [
    9.196678037867102,
    0.0,
    17.940370163215675,
    0.0,
    0.5273576286453392,
    1.5958620026392702,
    2.4706555708792646,
    6.647877586065563,
    0.8404466250742052
  ]
}