Simulation time, Job arrival rate, Throughput, Total jobs lost
199.02818831085258,0.0050244139208972145,0.0,0
