{
  "MAE": 4.477697375141572,
  "MSE": 93.25408713008477,
  "MAE_per_feature": [
    4.277918813630031,
    4.604149255271669,
    18.507305541173352,
    0.5020870958169833,
    0.6690381575413927,
    1.1386408109195405,
    1.6462116619259877,
    7.457497578420227,
    0.7244388279099092
  ]
}