Simulation time, Job arrival rate, Throughput, Total jobs lost
501.96467801382556,0.0019921720467599457,0.0,0
