Simulation time, Job arrival rate, Throughput, Total jobs lost
321.46319459113846,0.0031107760291870326,0.0,0
